	stationid	lab	sampletypecode	toxbatch	species	concentration	endpoint	units	sqocategory	mean	n	stddev	pctcontrol	pvalue	tstat	sigeffect	qacode	count
0	0000	CSD	CNEG	CSD011	MG	-88	NPA	PERCENTAGE	Nontoxic	91.4	5	16.009372255	100.0	0.5	0.0	X	A	5
1	B13-8315	CSD	Grab	CSD005	MG	-88	NPA	PERCENTAGE	Nontoxic	82.0	5	14.5945195193	136.666666667	0.0140130005885	-3.3706827717	NSC	A	5
2	B13-8372	CSD	Grab	CSD011	MG	-88	NPA	PERCENTAGE	Nontoxic	83.2	5	17.4556581085	91.0284463895	0.230637062846	0.774136284851	NSC	A	5
3	B13-8383	CSD	Grab	CSD011	MG	-88	NPA	PERCENTAGE	Nontoxic	96.8	5	4.43846820423	105.90809628	0.251267284958	-0.726815567779	NSC	A	5
4	B13-8389	CSD	Grab	CSD011	MG	-88	NPA	PERCENTAGE	Nontoxic	86.6	5	15.6780100778	94.7483588621	0.322383106324	0.478995164127	NSC	A	5
5	B13-8394	CSD	Grab	CSD011	MG	-88	NPA	PERCENTAGE	Nontoxic	98.8	5	1.64316767252	108.096280088	0.180429549457	-1.0281745266	NSC	A	5
6	B13-9025	CSD	Grab	CSD005	MG	-88	NPA	PERCENTAGE	Nontoxic	88.8	5	8.13633824272	148.0	0.000689395549158	-7.91495582298	NSC	A	5
7	E14	CSD	Grab	CSD005	MG	-88	NPA	PERCENTAGE	Nontoxic	81.8	5	12.3166553902	136.333333333	0.00835452995853	-3.95775316962	NSC	A	5
